dim,birth,death
0,0,0.5
0,0,0.5
0,0,0.5
0,0,0.5
0,0,0.5
0,0,0.5
0,0,0.5
0,0,0.5
0,0,0.5
0,0,0.5
0,0,0.5
0,0,0.5
0,0,0.5
0,0,0.5
0,0,0.5
0,0,0.5
0,0,0.5
0,0,0.5
0,0,0.5
0,0,0.5
0,0,0.5
0,0,0.5
0,0,0.5
0,0,0.5
0,0,0.5
0,0,0.5
0,0,0.5
0,0,0.5
0,0,0.5
0,0,0.5
0,0,0.5
0,0,0.5
0,0,0.5
0,0,0.5
0,0,0.5
0,0,0.5
0,0,0.5
0,0,0.5
0,0,0.5
0,0,0.5
0,0,0.5
0,0,0.5
0,0,0.5
0,0,0.5
0,0,0.5
0,0,0.5
0,0,0.5
0,0,0.5
0,0,0.5
0,0,0.5
0,0,0.5
0,0,0.5
0,0,0.5
0,0,0.5
0,0,0.5
0,0,0.5
0,0,0.5
0,0,0.5
0,0,0.5
0,0,0.5
0,0,0.5
0,0,0.5
0,0,0.5
0,0,0.5
0,0,0.5
0,0,0.5
0,0,0.5
0,0,0.5
0,0,0.5
0,0,0.5
0,0,0.5
0,0,0.5
0,0,0.5
0,0,0.5
0,0,0.5
0,0,0.5
0,0,0.5
0,0,0.5
0,0,0.5
0,0,0.5
0,0,0.5
0,0,0.5
0,0,0.5
0,0,0.5
0,0,0.5
0,0,0.5
0,0,0.5
0,0,0.5
0,0,0.5
0,0,0.5
0,0,0.5
0,0,0.5
0,0,0.5
0,0,0.5
0,0,0.5
0,0,0.5
0,0,0.5
0,0,0.5
0,0,0.5
0,0,0.5
0,0,0.5
0,0,0.5
0,0,0.5
0,0,0.5
0,0,0.5
0,0,0.5
0,0,0.5
0,0,0.5
0,0,0.5
0,0,0.5
0,0,0.5
0,0,0.5
0,0,0.5
0,0,0.5
0,0,0.5
0,0,0.5
0,0,0.5
0,0,0.5
0,0,0.5
0,0,0.5
0,0,0.5
0,0,0.5
0,0,0.5
0,0,0.5
0,0,0.5
0,0,0.5
0,0,0.5
0,0,0.5
0,0,0.5
0,0,0.5
0,0,0.5
0,0,0.5
0,0,0.5
0,0,0.5
0,0,0.5
0,0,0.5
0,0,0.5
0,0,0.5
0,0,0.5
0,0,0.5
0,0,0.5
0,0,0.5
0,0,0.5
0,0,0.5
0,0,0.5
0,0,0.5
0,0,0.5
0,0,0.5
0,0,0.5
0,0,0.5
0,0,0.5
0,0,0.5
0,0,0.5
0,0,0.5
0,0,0.5
0,0,0.5
0,0,0.5
0,0,0.5
0,0,0.5
0,0,0.5
0,0,0.5
0,0,0.5
0,0,0.5
0,0,0.5
0,0,0.5
0,0,0.5
0,0,0.5
0,0,0.5
0,0,0.5
0,0,0.5
0,0,0.5
0,0,0.5
0,0,0.5
0,0,0.5
0,0,0.5
0,0,0.5
0,0,0.5
0,0,0.5
0,0,0.5
0,0,0.5
0,0,0.5
0,0,0.5
0,0,0.5
0,0,0.5
0,0,0.5
0,0,0.5
0,0,0.5
0,0,0.5
0,0,0.5
0,0,0.5
0,0,0.5
0,0,0.5
0,0,0.5
0,0,0.5
0,0,0.5
0,0,0.5
0,0,0.5
0,0,0.5
0,0,0.5
0,0,0.5
0,0,0.5
0,0,0.5
0,0,0.5
0,0,0.5
0,0,0.5
0,0,0.5
0,0,0.5
0,0,0.5
0,0,0.5
0,0,0.5
0,0,0.5
0,0,0.5
0,0,0.5
0,0,0.5
0,0,0.5
0,0,0.5
0,0,0.5
0,0,0.5
0,0,0.5
0,0,0.5
0,0,0.5
0,0,0.5
0,0,0.5
0,0,0.5
0,0,0.5
0,0,0.5
0,0,0.5
0,0,0.5
0,0,0.5
0,0,0.5
0,0,0.5
0,0,0.5
0,0,0.5
0,0,0.5
0,0,0.5
0,0,0.5
0,0,0.5
0,0,0.5
0,0,0.5
0,0,0.5
0,0,0.5
0,0,0.5
0,0,0.5
0,0,0.5
0,0,0.5
0,0,0.5
0,0,0.5
0,0,0.5
0,0,0.5
0,0,0.5
0,0,0.5
0,0,0.5
0,0,0.5
0,0,0.5
0,0,0.5
0,0,0.5
0,0,0.5
0,0,0.5
0,0,0.5
0,0,0.5
0,0,0.5
0,0,0.5
0,0,0.5
0,0,0.5
0,0,0.5
0,0,0.5
0,0,0.5
0,0,0.5
0,0,0.5
0,0,0.5
0,0,0.5
0,0,0.5
0,0,0.5
0,0,0.5
0,0,0.5
0,0,0.5
0,0,0.5
0,0,0.5
0,0,0.5
0,0,0.5
0,0,0.5
0,0,0.5
0,0,0.5
0,0,0.5
0,0,0.5
0,0,0.5
0,0,0.5
0,0,0.5
0,0,0.5
0,0,0.5
0,0,0.5
0,0,0.5
0,0,0.5
0,0,0.5
0,0,0.5
0,0,0.5
0,0,0.5
0,0,0.5
0,0,0.5
0,0,0.5
0,0,0.5
0,0,0.5
0,0,0.5
0,0,0.5
0,0,0.5
0,0,0.5
0,0,0.5
0,0,0.5
0,0,0.5
0,0,0.5
0,0,0.5
0,0,0.5
0,0,0.5
0,0,0.5
0,0,0.5
0,0,0.5
0,0,0.5
0,0,0.5
0,0,0.5
0,0,0.5
0,0,0.5
0,0,0.5
0,0,0.5
0,0,0.5
0,0,0.5
0,0,0.5
0,0,0.5
0,0,0.5
0,0,0.5
0,0,0.5
0,0,0.5
0,0,0.5
0,0,0.5
0,0,0.5
0,0,0.5
0,0,0.5
0,0,0.5
0,0,0.5
0,0,0.5
0,0,0.5
0,0,0.5
0,0,0.5
0,0,0.5
0,0,0.5
0,0,0.5
0,0,0.5
0,0,0.5
0,0,0.5
0,0,0.5
0,0,0.5
0,0,0.5
0,0,0.5
0,0,0.5
0,0,0.5
0,0,0.5
0,0,0.5
0,0,0.5
0,0,0.5
0,0,0.5
0,0,0.5
0,0,0.5
0,0,0.5
0,0,0.5
0,0,0.5
0,0,0.5
0,0,0.5
0,0,0.5
0,0,0.5
0,0,0.5
0,0,0.5
0,0,0.5
0,0,0.5
0,0,0.5
0,0,0.5
0,0,0.5
0,0,0.5
0,0,0.5
0,0,0.5
0,0,0.5
0,0,0.5
0,0,0.5
0,0,0.5
0,0,0.5
0,0,0.5
0,0,0.5
0,0,0.5
0,0,0.5
0,0,0.5
0,0,0.5
0,0,0.5
0,0,0.5
0,0,0.5
0,0,0.5
0,0,0.5
0,0,0.5
0,0,0.5
0,0,0.5
0,0,0.5
0,0,0.5
0,0,0.5
0,0,0.5
0,0,0.5
0,0,0.5
0,0,0.5
0,0,0.5
0,0,0.5
0,0,0.5
0,0,0.5
0,0,0.5
0,0,0.5
0,0,0.5
0,0,0.5
0,0,0.5
0,0,0.5
0,0,0.5
0,0,0.5
0,0,0.5
0,0,0.5
0,0,0.5
0,0,0.5
0,0,0.5
0,0,0.5
0,0,0.5
0,0,0.5
0,0,0.5
0,0,0.5
0,0,0.5
0,0,0.5
0,0,0.5
0,0,0.5
0,0,0.5
0,0,0.5
0,0,0.5
0,0,0.5
0,0,0.5
0,0,0.5
0,0,0.5
0,0,0.5
0,0,0.5
0,0,0.5
0,0,0.5
0,0,0.5
0,0,0.5
0,0,0.5
0,0,0.5
0,0,0.5
0,0,0.5
0,0,0.5
0,0,0.5
0,0,0.5
0,0,0.5
0,0,0.5
0,0,0.5
0,0,0.5
0,0,0.5
0,0,0.5
0,0,0.5
0,0,0.5
0,0,0.5
0,0,0.5
0,0,0.5
0,0,0.5
0,0,0.5
0,0,0.5
0,0,0.5
0,0,0.5
0,0,0.5
0,0,0.5
0,0,0.5
0,0,0.5
0,0,0.5
0,0,0.5
0,0,0.5
0,0,0.5
0,0,0.5
0,0,0.5
0,0,0.5
0,0,0.5
0,0,0.5
0,0,0.5
0,0,0.5
0,0,0.5
0,0,0.5
0,0,0.5
0,0,0.5
0,0,0.5
0,0,0.5
0,0,0.5
0,0,0.5
0,0,0.5
0,0,0.5
0,0,0.5
0,0,0.5
0,0,0.5
0,0,0.5
0,0,0.5
0,0,0.5
0,0,0.5
0,0,0.5
0,0,0.5
0,0,0.5
0,0,0.5
0,0,0.5
0,0,0.5
0,0,0.5
0,0,0.5
0,0,0.5
0,0,0.5
0,0,0.5
0,0,0.5
0,0,0.5
0,0,0.5
0,0,0.5
0,0,0.5
0,0,0.5
0,0,0.5
0,0,0.5
0,0,0.5
0,0,0.5
0,0,0.5
0,0,0.5
0,0,0.5
0,0,0.5
0,0,0.5
0,0,0.5
0,0,0.5
0,0,0.5
0,0,0.5
0,0,0.5
0,0,0.5
0,0,0.5
0,0,0.5
0,0,0.5
0,0,0.5
0,0,0.5
0,0,0.5
0,0,0.5
0,0,0.5
0,0,0.5
0,0,0.5
0,0,0.5
0,0,0.5
0,0,0.5
0,0,0.5
0,0,0.5
0,0,0.5
0,0,0.5
0,0,0.5
0,0,0.5
0,0,0.5
0,0,0.5
0,0,0.5
0,0,0.5
0,0,0.5
0,0,0.5
0,0,0.5
0,0,0.5
0,0,0.5
0,0,0.5
0,0,0.5
0,0,0.5
0,0,0.5
0,0,0.5
0,0,0.5
0,0,0.5
0,0,0.5
0,0,0.5
0,0,0.5
0,0,0.5
0,0,0.5
0,0,0.5
0,0,0.5
0,0,0.5
0,0,0.5
0,0,0.5
0,0,0.5
0,0,0.5
0,0,0.5
0,0,0.5
0,0,0.5
0,0,0.5
0,0,0.5
0,0,0.5
0,0,0.5
0,0,0.5
0,0,0.5
0,0,0.5
0,0,0.5
0,0,0.5
0,0,0.5
0,0,0.5
0,0,0.5
0,0,0.5
0,0,0.5
0,0,0.5
0,0,0.5
0,0,0.5
0,0,0.5
0,0,0.5
0,0,0.5
0,0,0.5
0,0,0.5
0,0,0.5
0,0,0.5
0,0,0.5
0,0,0.5
0,0,0.5
0,0,0.5
0,0,0.5
0,0,0.5
0,0,0.5
0,0,0.5
0,0,0.5
0,0,0.5
0,0,0.5
0,0,0.5
0,0,0.5
0,0,0.5
0,0,0.5
0,0,0.5
0,0,0.5
0,0,0.5
0,0,0.5
0,0,0.5
0,0,0.5
0,0,0.5
0,0,0.5
0,0,0.5
0,0,0.5
0,0,0.5
0,0,0.5
0,0,0.5
0,0,0.5
0,0,0.5
0,0,0.5
0,0,0.5
0,0,0.5
0,0,0.5
0,0,0.5
0,0,0.5
0,0,0.5
0,0,0.5
0,0,0.5
0,0,0.5
0,0,0.5
0,0,0.5
0,0,0.5
0,0,0.5
0,0,0.5
0,0,0.5
0,0,0.5
0,0,0.5
0,0,0.5
0,0,0.5
0,0,0.5
0,0,0.5
0,0,0.5
0,0,0.5
0,0,0.5
0,0,0.5
0,0,0.5
0,0,0.5
0,0,0.5
0,0,0.5
0,0,0.5
0,0,0.5
0,0,0.5
0,0,0.5
0,0,0.5
0,0,0.5
0,0,0.5
0,0,0.5
0,0,0.5
0,0,0.5
0,0,0.5
0,0,0.5
0,0,0.5
0,0,0.5
0,0,0.5
0,0,0.5
0,0,0.5
0,0,0.5
0,0,0.5
0,0,0.5
0,0,0.5
0,0,0.5
0,0,0.5
0,0,0.5
0,0,0.5
0,0,0.5
0,0,0.5
0,0,0.5
0,0,0.5
0,0,0.5
0,0,0.5
0,0,0.5
0,0,0.5
0,0,0.5
0,0,0.5
0,0,0.5
0,0,0.5
0,0,0.5
0,0,0.5
0,0,0.5
0,0,0.5
0,0,0.5
0,0,0.5
0,0,0.5
0,0,0.5
0,0,0.5
0,0,0.5
0,0,0.5
0,0,0.5
0,0,0.5
0,0,0.5
0,0,0.5
0,0,0.5
0,0,0.5
0,0,0.5
0,0,0.5
0,0,0.5
0,0,0.5
0,0,0.5
0,0,0.5
0,0,0.5
0,0,0.5
0,0,0.5
0,0,0.5
0,0,0.5
0,0,0.5
0,0,0.5
0,0,0.5
0,0,0.5
0,0,0.5
0,0,0.5
0,0,0.5
0,0,0.5
0,0,0.5
0,0,0.5
0,0,0.5
0,0,0.5
0,0,0.5
0,0,0.5
0,0,0.5
0,0,0.5
0,0,0.5
0,0,0.5
0,0,0.5
0,0,0.5
0,0,0.5
0,0,0.5
0,0,0.5
0,0,0.5
0,0,0.5
0,0,0.5
0,0,0.5
0,0,0.5
0,0,0.5
0,0,0.5
0,0,0.5
0,0,0.5
0,0,0.5
0,0,0.5
0,0,0.5
0,0,0.5
0,0,0.5
0,0,0.5
0,0,0.5
0,0,0.5
0,0,0.5
0,0,0.5
0,0,0.5
0,0,0.5
0,0,0.5
0,0,0.5
0,0,0.5
0,0,0.5
0,0,0.5
0,0,0.5
0,0,0.5
0,0,0.5
0,0,0.5
0,0,0.5
0,0,0.5
0,0,0.5
0,0,0.5
0,0,0.5
0,0,0.5
0,0,0.5
0,0,0.5
0,0,0.5
0,0,0.5
0,0,0.5
0,0,0.5
0,0,0.5
0,0,0.5
0,0,0.5
0,0,0.5
0,0,0.5
0,0,0.5
0,0,0.5
0,0,0.5
0,0,0.5
0,0,0.5
0,0,0.5
0,0,0.5
0,0,0.5
0,0,0.5
0,0,0.5
0,0,0.5
0,0,0.5
0,0,0.5
0,0,0.5
0,0,0.5
0,0,0.5
0,0,0.5
0,0,0.5
0,0,0.5
0,0,0.5
0,0,0.5
0,0,0.5
0,0,0.5
0,0,0.5
0,0,0.5
0,0,0.5
0,0,0.5
0,0,0.5
0,0,0.5
0,0,0.5
0,0,0.5
0,0,0.5
0,0,0.5
0,0,0.5
0,0,0.5
0,0,0.5
0,0,0.5
0,0,0.5
0,0,0.5
0,0,0.5
0,0,0.5
0,0,0.5
0,0,0.5
0,0,0.5
0,0,0.5
0,0,0.5
0,0,0.5
0,0,0.500039
0,0,0.500098
0,0,0.500113
0,0,0.500218
0,0,0.500245
0,0,0.50029
0,0,0.50031
0,0,0.500408
0,0,0.50046
0,0,0.500466
0,0,0.500513
0,0,0.500609
0,0,0.500995
0,0,0.501082
0,0,0.501433
0,0,0.501494
0,0,0.501646
0,0,0.501902
0,0,0.501922
0,0,0.50193
0,0,0.50194
0,0,0.502139
0,0,0.502267
0,0,0.502282
0,0,0.502522
0,0,0.502714
0,0,0.502744
0,0,0.502875
0,0,0.502893
0,0,0.502978
0,0,0.503047
0,0,0.503103
0,0,0.503266
0,0,0.503503
0,0,0.503563
0,0,0.503607
0,0,0.503712
0,0,0.503936
0,0,0.503939
0,0,0.503998
0,0,0.504568
0,0,0.504608
0,0,0.504699
0,0,0.504733
0,0,0.504798
0,0,0.504886
0,0,0.504926
0,0,0.505373
0,0,0.505585
0,0,0.505693
0,0,0.505704
0,0,0.505841
0,0,0.505869
0,0,0.505923
0,0,0.505973
0,0,0.506066
0,0,0.506182
0,0,0.506199
0,0,0.506301
0,0,0.506333
0,0,0.506439
0,0,0.50651
0,0,0.506564
0,0,0.506598
0,0,0.506634
0,0,0.506725
0,0,0.506729
0,0,0.506939
0,0,0.507056
0,0,0.507083
0,0,0.507117
0,0,0.507156
0,0,0.507195
0,0,0.507251
0,0,0.507361
0,0,0.507382
0,0,0.507491
0,0,0.507522
0,0,0.507645
0,0,0.507762
0,0,0.507989
0,0,0.508067
0,0,0.508112
0,0,0.508216
0,0,0.508258
0,0,0.508268
0,0,0.508519
0,0,0.508525
0,0,0.508856
0,0,0.508989
0,0,0.509037
0,0,0.509055
0,0,0.509125
0,0,0.50924
0,0,0.509257
0,0,0.509398
0,0,0.509433
0,0,0.509482
0,0,0.509484
0,0,0.509604
0,0,0.509607
0,0,0.509778
0,0,0.509861
0,0,0.509903
0,0,0.50995
0,0,0.510041
0,0,0.510053
0,0,0.510095
0,0,0.510209
0,0,0.510219
0,0,0.510355
0,0,0.510403
0,0,0.510442
0,0,0.510495
0,0,0.510517
0,0,0.51059
0,0,0.510622
0,0,0.510637
0,0,0.510674
0,0,0.510766
0,0,0.510815
0,0,0.510851
0,0,0.510887
0,0,0.51106
0,0,0.511155
0,0,0.511159
0,0,0.511365
0,0,0.511386
0,0,0.511415
0,0,0.511425
0,0,0.51148
0,0,0.51159
0,0,0.511705
0,0,0.511885
0,0,0.511989
0,0,0.51202
0,0,0.512061
0,0,0.51211
0,0,0.51212
0,0,0.512123
0,0,0.512193
0,0,0.512593
0,0,0.512616
0,0,0.512706
0,0,0.512735
0,0,0.512743
0,0,0.512774
0,0,0.512786
0,0,0.512913
0,0,0.512938
0,0,0.513049
0,0,0.513126
0,0,0.513197
0,0,0.513281
0,0,0.513457
0,0,0.51354
0,0,0.513707
0,0,0.513731
0,0,0.51384
0,0,0.514169
0,0,0.514172
0,0,0.514196
0,0,0.514234
0,0,0.514299
0,0,0.514378
0,0,0.514411
0,0,0.514411
0,0,0.514422
0,0,0.51455
0,0,0.514599
0,0,0.514633
0,0,0.514684
0,0,0.514738
0,0,0.514787
0,0,0.514813
0,0,0.514938
0,0,0.514982
0,0,0.514986
0,0,0.515078
0,0,0.515132
0,0,0.5152
0,0,0.515226
0,0,0.515268
0,0,0.515271
0,0,0.515546
0,0,0.515636
0,0,0.515647
0,0,0.515658
0,0,0.515669
0,0,0.515675
0,0,0.515748
0,0,0.515784
0,0,0.51601
0,0,0.516088
0,0,0.516226
0,0,0.516255
0,0,0.516426
0,0,0.516447
0,0,0.516563
0,0,0.516579
0,0,0.516703
0,0,0.516723
0,0,0.516794
0,0,0.516877
0,0,0.516894
0,0,0.516971
0,0,0.517149
0,0,0.51717
0,0,0.517321
0,0,0.517329
0,0,0.517414
0,0,0.517721
0,0,0.517779
0,0,0.517956
0,0,0.517986
0,0,0.517993
0,0,0.518073
0,0,0.51815
0,0,0.518165
0,0,0.518277
0,0,0.518292
0,0,0.518344
0,0,0.518391
0,0,0.518409
0,0,0.518594
0,0,0.518605
0,0,0.518707
0,0,0.518872
0,0,0.518904
0,0,0.518924
0,0,0.518966
0,0,0.519066
0,0,0.519165
0,0,0.519362
0,0,0.519385
0,0,0.519528
0,0,0.519598
0,0,0.519693
0,0,0.519713
0,0,0.519801
0,0,0.519843
0,0,0.519919
0,0,0.51996
0,0,0.519977
0,0,0.520047
0,0,0.520053
0,0,0.520071
0,0,0.520084
0,0,0.520167
0,0,0.520181
0,0,0.520195
0,0,0.520293
0,0,0.520347
0,0,0.520501
0,0,0.520615
0,0,0.520681
0,0,0.520798
0,0,0.520819
0,0,0.520942
0,0,0.521135
0,0,0.521428
0,0,0.521501
0,0,0.521563
0,0,0.521596
0,0,0.521635
0,0,0.521759
0,0,0.521775
0,0,0.521856
0,0,0.521965
0,0,0.521966
0,0,0.52197
0,0,0.521976
0,0,0.521987
0,0,0.522013
0,0,0.522095
0,0,0.522165
0,0,0.522212
0,0,0.522246
0,0,0.522271
0,0,0.522337
0,0,0.52249
0,0,0.52261
0,0,0.522723
0,0,0.522871
0,0,0.52298
0,0,0.523078
0,0,0.523082
0,0,0.52317
0,0,0.523171
0,0,0.523231
0,0,0.523311
0,0,0.523598
0,0,0.523639
0,0,0.523663
0,0,0.523683
0,0,0.523736
0,0,0.524055
0,0,0.524091
0,0,0.524503
0,0,0.524548
0,0,0.524552
0,0,0.524569
0,0,0.524579
0,0,0.524625
0,0,0.524931
0,0,0.52522
0,0,0.525223
0,0,0.52528
0,0,0.525554
0,0,0.525555
0,0,0.525732
0,0,0.52574
0,0,0.52574
0,0,0.525758
0,0,0.525812
0,0,0.525868
0,0,0.525928
0,0,0.526099
0,0,0.526185
0,0,0.52637
0,0,0.526401
0,0,0.52646
0,0,0.526539
0,0,0.526598
0,0,0.526665
0,0,0.526701
0,0,0.526702
0,0,0.526759
0,0,0.526771
0,0,0.52683
0,0,0.526869
0,0,0.527091
0,0,0.527203
0,0,0.527232
0,0,0.52725
0,0,0.527332
0,0,0.527375
0,0,0.527424
0,0,0.527499
0,0,0.527499
0,0,0.527561
0,0,0.527601
0,0,0.52769
0,0,0.527746
0,0,0.527768
0,0,0.52784
0,0,0.527933
0,0,0.527934
0,0,0.528029
0,0,0.528154
0,0,0.528155
0,0,0.528184
0,0,0.528222
0,0,0.528231
0,0,0.528494
0,0,0.528815
0,0,0.528924
0,0,0.528932
0,0,0.528964
0,0,0.529049
0,0,0.529062
0,0,0.529066
0,0,0.529094
0,0,0.529135
0,0,0.529188
0,0,0.529246
0,0,0.529255
0,0,0.529345
0,0,0.529346
0,0,0.529354
0,0,0.529382
0,0,0.529413
0,0,0.529574
0,0,0.529598
0,0,0.52977
0,0,0.529799
0,0,0.529953
0,0,0.529964
0,0,0.530036
0,0,0.530243
0,0,0.530315
0,0,0.530365
0,0,0.53037
0,0,0.530377
0,0,0.530403
0,0,0.530441
0,0,0.530465
0,0,0.530557
0,0,0.530558
0,0,0.530563
0,0,0.53075
0,0,0.530987
0,0,0.53113
0,0,0.531136
0,0,0.531271
0,0,0.531341
0,0,0.531398
0,0,0.531499
0,0,0.531504
0,0,0.531541
0,0,0.531728
0,0,0.531729
0,0,0.531791
0,0,0.531802
0,0,0.531946
0,0,0.53197
0,0,0.531985
0,0,0.532095
0,0,0.5321
0,0,0.53215
0,0,0.532188
0,0,0.532277
0,0,0.532421
0,0,0.532511
0,0,0.532638
0,0,0.532645
0,0,0.53265
0,0,0.532747
0,0,0.532756
0,0,0.53281
0,0,0.532811
0,0,0.532888
0,0,0.533012
0,0,0.533091
0,0,0.533161
0,0,0.533194
0,0,0.533272
0,0,0.533283
0,0,0.533426
0,0,0.533432
0,0,0.533506
0,0,0.533595
0,0,0.533674
0,0,0.533776
0,0,0.533809
0,0,0.533869
0,0,0.534003
0,0,0.534059
0,0,0.534066
0,0,0.53408
0,0,0.534088
0,0,0.534184
0,0,0.534245
0,0,0.534352
0,0,0.534379
0,0,0.534601
0,0,0.534718
0,0,0.534848
0,0,0.53494
0,0,0.534959
0,0,0.535093
0,0,0.535159
0,0,0.535169
0,0,0.535178
0,0,0.535324
0,0,0.535336
0,0,0.535364
0,0,0.535368
0,0,0.535521
0,0,0.535584
0,0,0.535609
0,0,0.535654
0,0,0.535663
0,0,0.535687
0,0,0.53583
0,0,0.53587
0,0,0.536048
0,0,0.53605
0,0,0.536063
0,0,0.536097
0,0,0.536223
0,0,0.536232
0,0,0.53626
0,0,0.536318
0,0,0.536352
0,0,0.53637
0,0,0.536497
0,0,0.536595
0,0,0.536666
0,0,0.536761
0,0,0.53683
0,0,0.536917
0,0,0.537138
0,0,0.537145
0,0,0.537162
0,0,0.537289
0,0,0.537293
0,0,0.537307
0,0,0.53732
0,0,0.537353
0,0,0.537551
0,0,0.53761
0,0,0.537674
0,0,0.537734
0,0,0.537745
0,0,0.537759
0,0,0.537789
0,0,0.538071
0,0,0.53808
0,0,0.538093
0,0,0.538112
0,0,0.538241
0,0,0.538249
0,0,0.538458
0,0,0.538524
0,0,0.538559
0,0,0.538602
0,0,0.538606
0,0,0.538685
0,0,0.538711
0,0,0.538812
0,0,0.538814
0,0,0.538913
0,0,0.53903
0,0,0.539203
0,0,0.539344
0,0,0.539454
0,0,0.539554
0,0,0.539555
0,0,0.539626
0,0,0.539754
0,0,0.539856
0,0,0.539882
0,0,0.539902
0,0,0.539965
0,0,0.539968
0,0,0.539992
0,0,0.540022
0,0,0.540031
0,0,0.540037
0,0,0.540059
0,0,0.540224
0,0,0.540239
0,0,0.540342
0,0,0.540459
0,0,0.540657
0,0,0.540673
0,0,0.540894
0,0,0.540917
0,0,0.54105
0,0,0.541079
0,0,0.541167
0,0,0.541268
0,0,0.541293
0,0,0.541439
0,0,0.541839
0,0,0.541875
0,0,0.541954
0,0,0.541979
0,0,0.542059
0,0,0.542063
0,0,0.542216
0,0,0.542315
0,0,0.542335
0,0,0.542365
0,0,0.542458
0,0,0.542744
0,0,0.542822
0,0,0.542986
0,0,0.543015
0,0,0.543092
0,0,0.543112
0,0,0.543224
0,0,0.54325
0,0,0.543282
0,0,0.543302
0,0,0.543425
0,0,0.54344
0,0,0.543442
0,0,0.5435
0,0,0.543695
0,0,0.543703
0,0,0.543714
0,0,0.543717
0,0,0.543755
0,0,0.543881
0,0,0.543946
0,0,0.543948
0,0,0.543973
0,0,0.543992
0,0,0.544054
0,0,0.54406
0,0,0.544071
0,0,0.544097
0,0,0.544156
0,0,0.544166
0,0,0.544168
0,0,0.544208
0,0,0.544356
0,0,0.544389
0,0,0.544582
0,0,0.544592
0,0,0.54474
0,0,0.544756
0,0,0.544778
0,0,0.544813
0,0,0.544835
0,0,0.544838
0,0,0.544839
0,0,0.544882
0,0,0.544959
0,0,0.544976
0,0,0.545026
0,0,0.545042
0,0,0.545286
0,0,0.545385
0,0,0.545481
0,0,0.545555
0,0,0.545557
0,0,0.545596
0,0,0.545731
0,0,0.545742
0,0,0.545756
0,0,0.545782
0,0,0.546043
0,0,0.546127
0,0,0.546233
0,0,0.546252
0,0,0.546256
0,0,0.54626
0,0,0.546276
0,0,0.546399
0,0,0.546427
0,0,0.546456
0,0,0.546636
0,0,0.546637
0,0,0.546677
0,0,0.546678
0,0,0.54697
0,0,0.547009
0,0,0.547085
0,0,0.547137
0,0,0.54714
0,0,0.547267
0,0,0.547332
0,0,0.54747
0,0,0.547661
0,0,0.547698
0,0,0.547795
0,0,0.547796
0,0,0.547832
0,0,0.54787
0,0,0.547882
0,0,0.547985
0,0,0.547989
0,0,0.548039
0,0,0.548113
0,0,0.548117
0,0,0.548168
0,0,0.548293
0,0,0.548298
0,0,0.54831
0,0,0.548373
0,0,0.548381
0,0,0.548479
0,0,0.548593
0,0,0.548656
0,0,0.548669
0,0,0.548785
0,0,0.548865
0,0,0.548897
0,0,0.548958
0,0,0.548971
0,0,0.549099
0,0,0.549281
0,0,0.549282
0,0,0.549594
0,0,0.54967
0,0,0.549741
0,0,0.549848
0,0,0.54985
0,0,0.549889
0,0,0.550005
0,0,0.550187
0,0,0.550231
0,0,0.550259
0,0,0.550295
0,0,0.550313
0,0,0.550321
0,0,0.550365
0,0,0.550414
0,0,0.550448
0,0,0.550551
0,0,0.550591
0,0,0.550611
0,0,0.550654
0,0,0.550722
0,0,0.550772
0,0,0.550793
0,0,0.550795
0,0,0.551076
0,0,0.551102
0,0,0.551327
0,0,0.551332
0,0,0.551358
0,0,0.551462
0,0,0.551508
0,0,0.551557
0,0,0.551688
0,0,0.551764
0,0,0.551928
0,0,0.551983
0,0,0.552059
0,0,0.552173
0,0,0.552372
0,0,0.552384
0,0,0.552448
0,0,0.55278
0,0,0.552876
0,0,0.552881
0,0,0.552897
0,0,0.552918
0,0,0.55302
0,0,0.553365
0,0,0.553367
0,0,0.553449
0,0,0.553523
0,0,0.553563
0,0,0.553574
0,0,0.55364
0,0,0.55365
0,0,0.553726
0,0,0.553742
0,0,0.553754
0,0,0.553797
0,0,0.553804
0,0,0.553899
0,0,0.554159
0,0,0.55419
0,0,0.55422
0,0,0.554291
0,0,0.55431
0,0,0.554369
0,0,0.554374
0,0,0.554451
0,0,0.554479
0,0,0.554548
0,0,0.554659
0,0,0.55469
0,0,0.554759
0,0,0.55477
0,0,0.555007
0,0,0.555104
0,0,0.555113
0,0,0.555148
0,0,0.555149
0,0,0.555584
0,0,0.555682
0,0,0.5557
0,0,0.555738
0,0,0.555888
0,0,0.555969
0,0,0.55597
0,0,0.556059
0,0,0.556313
0,0,0.556319
0,0,0.556343
0,0,0.556474
0,0,0.556603
0,0,0.556661
0,0,0.556711
0,0,0.556815
0,0,0.556917
0,0,0.556943
0,0,0.557112
0,0,0.557162
0,0,0.557232
0,0,0.55725
0,0,0.557406
0,0,0.557524
0,0,0.557597
0,0,0.557966
0,0,0.558005
0,0,0.558052
0,0,0.55807
0,0,0.558233
0,0,0.558265
0,0,0.558479
0,0,0.558562
0,0,0.558579
0,0,0.558611
0,0,0.558737
0,0,0.558818
0,0,0.558896
0,0,0.559001
0,0,0.559171
0,0,0.559174
0,0,0.559177
0,0,0.559495
0,0,0.559616
0,0,0.559633
0,0,0.559664
0,0,0.559765
0,0,0.559796
0,0,0.559852
0,0,0.559954
0,0,0.560019
0,0,0.560092
0,0,0.56019
0,0,0.560224
0,0,0.560273
0,0,0.560317
0,0,0.560329
0,0,0.560458
0,0,0.560488
0,0,0.560519
0,0,0.560636
0,0,0.560677
0,0,0.560756
0,0,0.56079
0,0,0.560906
0,0,0.561115
0,0,0.561146
0,0,0.56116
0,0,0.561162
0,0,0.561164
0,0,0.561208
0,0,0.561228
0,0,0.561413
0,0,0.561413
0,0,0.561438
0,0,0.561595
0,0,0.561648
0,0,0.561683
0,0,0.561694
0,0,0.561716
0,0,0.561801
0,0,0.561877
0,0,0.561964
0,0,0.562032
0,0,0.562097
0,0,0.56211
0,0,0.562144
0,0,0.562415
0,0,0.56252
0,0,0.562523
0,0,0.562546
0,0,0.562607
0,0,0.562638
0,0,0.562645
0,0,0.562673
0,0,0.562718
0,0,0.562759
0,0,0.562779
0,0,0.562847
0,0,0.562909
0,0,0.563011
0,0,0.563138
0,0,0.56317
0,0,0.563184
0,0,0.563246
0,0,0.563311
0,0,0.563452
0,0,0.563509
0,0,0.563553
0,0,0.563584
0,0,0.563591
0,0,0.563999
0,0,0.564118
0,0,0.564189
0,0,0.564333
0,0,0.564377
0,0,0.564412
0,0,0.564469
0,0,0.564599
0,0,0.564624
0,0,0.564645
0,0,0.564655
0,0,0.56473
0,0,0.564757
0,0,0.564847
0,0,0.564862
0,0,0.564906
0,0,0.565082
0,0,0.56509
0,0,0.565101
0,0,0.565104
0,0,0.565108
0,0,0.565207
0,0,0.565251
0,0,0.565447
0,0,0.565522
0,0,0.56564
0,0,0.565684
0,0,0.565812
0,0,0.565842
0,0,0.566251
0,0,0.566297
0,0,0.566447
0,0,0.56669
0,0,0.566697
0,0,0.56678
0,0,0.566788
0,0,0.566817
0,0,0.566843
0,0,0.566925
0,0,0.566931
0,0,0.566934
0,0,0.567006
0,0,0.567048
0,0,0.567135
0,0,0.567332
0,0,0.5675
0,0,0.567577
0,0,0.567718
0,0,0.567868
0,0,0.567942
0,0,0.568099
0,0,0.568131
0,0,0.568188
0,0,0.568198
0,0,0.568224
0,0,0.568237
0,0,0.568281
0,0,0.568326
0,0,0.568473
0,0,0.568478
0,0,0.56852
0,0,0.568548
0,0,0.568643
0,0,0.568669
0,0,0.568705
0,0,0.568709
0,0,0.568748
0,0,0.568765
0,0,0.568787
0,0,0.56881
0,0,0.568814
0,0,0.568919
0,0,0.568941
0,0,0.569031
0,0,0.569442
0,0,0.569456
0,0,0.569571
0,0,0.569738
0,0,0.569763
0,0,0.569891
0,0,0.570041
0,0,0.570061
0,0,0.570084
0,0,0.570089
0,0,0.570135
0,0,0.570222
0,0,0.570293
0,0,0.570329
0,0,0.570428
0,0,0.570484
0,0,0.57055
0,0,0.57075
0,0,0.570822
0,0,0.570997
0,0,0.571099
0,0,0.571138
0,0,0.571199
0,0,0.571211
0,0,0.571266
0,0,0.571362
0,0,0.57137
0,0,0.571462
0,0,0.571751
0,0,0.571807
0,0,0.571862
0,0,0.571872
0,0,0.571983
0,0,0.572032
0,0,0.572128
0,0,0.572161
0,0,0.572177
0,0,0.572234
0,0,0.572499
0,0,0.572585
0,0,0.572606
0,0,0.572617
0,0,0.572692
0,0,0.572762
0,0,0.572849
0,0,0.572942
0,0,0.572993
0,0,0.573039
0,0,0.573137
0,0,0.573223
0,0,0.573449
0,0,0.573578
0,0,0.573623
0,0,0.573639
0,0,0.573753
0,0,0.57383
0,0,0.574002
0,0,0.574084
0,0,0.574089
0,0,0.574091
0,0,0.574116
0,0,0.574146
0,0,0.574157
0,0,0.574392
0,0,0.574474
0,0,0.574666
0,0,0.574699
0,0,0.574699
0,0,0.574817
0,0,0.575032
0,0,0.575053
0,0,0.575062
0,0,0.575084
0,0,0.575262
0,0,0.575381
0,0,0.575435
0,0,0.575479
0,0,0.575674
0,0,0.575767
0,0,0.575778
0,0,0.575899
0,0,0.575912
0,0,0.57614
0,0,0.57617
0,0,0.576388
0,0,0.576431
0,0,0.576755
0,0,0.576766
0,0,0.57677
0,0,0.576854
0,0,0.576878
0,0,0.577087
0,0,0.577169
0,0,0.577193
0,0,0.577211
0,0,0.577223
0,0,0.577284
0,0,0.577341
0,0,0.577415
0,0,0.57751
0,0,0.577532
0,0,0.57756
0,0,0.577842
0,0,0.577932
0,0,0.578093
0,0,0.578131
0,0,0.578146
0,0,0.578187
0,0,0.578243
0,0,0.578352
0,0,0.5784
0,0,0.578453
0,0,0.57867
0,0,0.578683
0,0,0.578802
0,0,0.578867
0,0,0.578882
0,0,0.57901
0,0,0.579312
0,0,0.579393
0,0,0.57941
0,0,0.579468
0,0,0.579537
0,0,0.579627
0,0,0.579643
0,0,0.579789
0,0,0.579882
0,0,0.579956
0,0,0.580038
0,0,0.580046
0,0,0.580127
0,0,0.580154
0,0,0.58024
0,0,0.580412
0,0,0.580457
0,0,0.580475
0,0,0.580478
0,0,0.580486
0,0,0.5805
0,0,0.580502
0,0,0.58058
0,0,0.580635
0,0,0.580669
0,0,0.580675
0,0,0.580709
0,0,0.580716
0,0,0.580739
0,0,0.580752
0,0,0.580829
0,0,0.580837
0,0,0.580948
0,0,0.581012
0,0,0.58107
0,0,0.581072
0,0,0.581463
0,0,0.581616
0,0,0.581738
0,0,0.58183
0,0,0.581847
0,0,0.581855
0,0,0.581898
0,0,0.581923
0,0,0.581929
0,0,0.582218
0,0,0.582301
0,0,0.582374
0,0,0.582604
0,0,0.582606
0,0,0.58262
0,0,0.582699
0,0,0.58286
0,0,0.582885
0,0,0.583026
0,0,0.583143
0,0,0.583197
0,0,0.583286
0,0,0.583433
0,0,0.583525
0,0,0.583639
0,0,0.583704
0,0,0.583809
0,0,0.583825
0,0,0.583876
0,0,0.583986
0,0,0.584005
0,0,0.584152
0,0,0.584183
0,0,0.584189
0,0,0.584216
0,0,0.584218
0,0,0.584221
0,0,0.584255
0,0,0.584327
0,0,0.584332
0,0,0.584334
0,0,0.584546
0,0,0.584609
0,0,0.584629
0,0,0.584632
0,0,0.584637
0,0,0.584915
0,0,0.584929
0,0,0.584979
0,0,0.585075
0,0,0.585178
0,0,0.585247
0,0,0.585281
0,0,0.585313
0,0,0.585317
0,0,0.585342
0,0,0.585406
0,0,0.585409
0,0,0.585542
0,0,0.585617
0,0,0.585731
0,0,0.585749
0,0,0.585773
0,0,0.585986
0,0,0.586009
0,0,0.586038
0,0,0.58626
0,0,0.586275
0,0,0.586294
0,0,0.586368
0,0,0.586424
0,0,0.586534
0,0,0.586722
0,0,0.587228
0,0,0.587276
0,0,0.587279
0,0,0.587309
0,0,0.587396
0,0,0.587545
0,0,0.587786
0,0,0.58794
0,0,0.58811
0,0,0.588184
0,0,0.588187
0,0,0.588211
0,0,0.588299
0,0,0.588305
0,0,0.588356
0,0,0.588412
0,0,0.588434
0,0,0.588496
0,0,0.588592
0,0,0.588632
0,0,0.588698
0,0,0.588759
0,0,0.588951
0,0,0.588981
0,0,0.588989
0,0,0.589024
0,0,0.589066
0,0,0.58912
0,0,0.589137
0,0,0.589262
0,0,0.589319
0,0,0.589395
0,0,0.589399
0,0,0.589406
0,0,0.58942
0,0,0.589506
0,0,0.589508
0,0,0.589525
0,0,0.589884
0,0,0.590101
0,0,0.590117
0,0,0.590158
0,0,0.590171
0,0,0.590221
0,0,0.590233
0,0,0.59043
0,0,0.59048
0,0,0.590725
0,0,0.590886
0,0,0.5909
0,0,0.591052
0,0,0.591095
0,0,0.59125
0,0,0.591284
0,0,0.591401
0,0,0.591514
0,0,0.591691
0,0,0.59184
0,0,0.591857
0,0,0.592007
0,0,0.592011
0,0,0.592178
0,0,0.592417
0,0,0.59243
0,0,0.592445
0,0,0.59246
0,0,0.592483
0,0,0.592503
0,0,0.592556
0,0,0.592844
0,0,0.592874
0,0,0.592882
0,0,0.592926
0,0,0.592966
0,0,0.593033
0,0,0.593042
0,0,0.593051
0,0,0.593363
0,0,0.593381
0,0,0.593419
0,0,0.59342
0,0,0.59354
0,0,0.593605
0,0,0.593666
0,0,0.593703
0,0,0.593805
0,0,0.59387
0,0,0.593933
0,0,0.594008
0,0,0.594018
0,0,0.594018
0,0,0.594027
0,0,0.594138
0,0,0.594263
0,0,0.594301
0,0,0.594315
0,0,0.59435
0,0,0.59453
0,0,0.594673
0,0,0.594895
0,0,0.594904
0,0,0.594949
0,0,0.595128
0,0,0.595137
0,0,0.595208
0,0,0.595267
0,0,0.595378
0,0,0.595444
0,0,0.595451
0,0,0.595554
0,0,0.595587
0,0,0.59563
0,0,0.595741
0,0,0.595745
0,0,0.595747
0,0,0.595774
0,0,0.595842
0,0,0.59613
0,0,0.596398
0,0,0.596564
0,0,0.596576
0,0,0.596637
0,0,0.596657
0,0,0.596975
0,0,0.597169
0,0,0.597179
0,0,0.597243
0,0,0.597297
0,0,0.597448
0,0,0.597486
0,0,0.59752
0,0,0.597548
0,0,0.597724
0,0,0.597889
0,0,0.598019
0,0,0.598058
0,0,0.598204
0,0,0.598215
0,0,0.59823
0,0,0.59826
0,0,0.59831
0,0,0.598326
0,0,0.598388
0,0,0.598482
0,0,0.598529
0,0,0.598587
0,0,0.598623
0,0,0.598769
0,0,0.598847
0,0,0.5989
0,0,0.598908
0,0,0.598963
0,0,0.598975
0,0,0.598983
0,0,0.599027
0,0,0.599124
0,0,0.599207
0,0,0.599256
0,0,0.599265
0,0,0.599425
0,0,0.599505
0,0,0.59952
0,0,0.599592
0,0,0.599689
0,0,0.599759
0,0,0.599878
0,0,0.59988
0,0,0.599892
0,0,0.599913
0,0,0.600008
0,0,0.600079
0,0,0.60013
0,0,0.600186
0,0,0.600529
0,0,0.600537
0,0,0.600543
0,0,0.600587
0,0,0.600835
0,0,0.600859
0,0,0.601129
0,0,0.601293
0,0,0.601426
0,0,0.601459
0,0,0.601474
0,0,0.60148
0,0,0.601538
0,0,0.60182
0,0,0.601867
0,0,0.601874
0,0,0.601953
0,0,0.601953
0,0,0.602003
0,0,0.602263
0,0,0.602426
0,0,0.602458
0,0,0.602521
0,0,0.602631
0,0,0.602674
0,0,0.602736
0,0,0.602852
0,0,0.602971
0,0,0.603007
0,0,0.603026
0,0,0.603045
0,0,0.603055
0,0,0.60314
0,0,0.603231
0,0,0.603298
0,0,0.603376
0,0,0.603664
0,0,0.604066
0,0,0.604174
0,0,0.604401
0,0,0.604447
0,0,0.604698
0,0,0.604723
0,0,0.604757
0,0,0.604928
0,0,0.605007
0,0,0.6051
0,0,0.605199
0,0,0.605246
0,0,0.605362
0,0,0.605389
0,0,0.605445
0,0,0.605453
0,0,0.605551
0,0,0.60562
0,0,0.605754
0,0,0.605821
0,0,0.605962
0,0,0.605998
0,0,0.606263
0,0,0.606354
0,0,0.606378
0,0,0.606502
0,0,0.606561
0,0,0.606725
0,0,0.606778
0,0,0.606784
0,0,0.606796
0,0,0.6068
0,0,0.60693
0,0,0.606942
0,0,0.607096
0,0,0.607112
0,0,0.607157
0,0,0.60733
0,0,0.607372
0,0,0.607406
0,0,0.607413
0,0,0.607702
0,0,0.607787
0,0,0.607813
0,0,0.607818
0,0,0.60783
0,0,0.607998
0,0,0.608081
0,0,0.608191
0,0,0.608267
0,0,0.608316
0,0,0.608464
0,0,0.6085
0,0,0.608626
0,0,0.608674
0,0,0.608698
0,0,0.608764
0,0,0.60882
0,0,0.609134
0,0,0.609225
0,0,0.609248
0,0,0.609292
0,0,0.60933
0,0,0.609416
0,0,0.609443
0,0,0.609614
0,0,0.609633
0,0,0.609649
0,0,0.609665
0,0,0.60975
0,0,0.609966
0,0,0.610498
0,0,0.610722
0,0,0.610816
0,0,0.61083
0,0,0.610884
0,0,0.610915
0,0,0.610922
0,0,0.610929
0,0,0.610971
0,0,0.611018
0,0,0.611116
0,0,0.611285
0,0,0.611301
0,0,0.611321
0,0,0.611398
0,0,0.611401
0,0,0.611434
0,0,0.61156
0,0,0.611613
0,0,0.611675
0,0,0.611677
0,0,0.612004
0,0,0.61217
0,0,0.612279
0,0,0.612365
0,0,0.612478
0,0,0.612647
0,0,0.612739
0,0,0.612835
0,0,0.612929
0,0,0.613128
0,0,0.613182
0,0,0.613182
0,0,0.613323
0,0,0.613633
0,0,0.613744
0,0,0.613874
0,0,0.613906
0,0,0.614015
0,0,0.614068
0,0,0.614085
0,0,0.614333
0,0,0.614448
0,0,0.614517
0,0,0.614741
0,0,0.614856
0,0,0.614883
0,0,0.614953
0,0,0.614959
0,0,0.615113
0,0,0.615155
0,0,0.615385
0,0,0.615467
0,0,0.615516
0,0,0.615573
0,0,0.615612
0,0,0.615628
0,0,0.615827
0,0,0.615885
0,0,0.615927
0,0,0.616043
0,0,0.616158
0,0,0.616182
0,0,0.616216
0,0,0.616239
0,0,0.616373
0,0,0.616415
0,0,0.616429
0,0,0.6166
0,0,0.616624
0,0,0.616809
0,0,0.61685
0,0,0.616937
0,0,0.616976
0,0,0.616999
0,0,0.617071
0,0,0.6171
0,0,0.617146
0,0,0.617446
0,0,0.617464
0,0,0.617755
0,0,0.617805
0,0,0.617917
0,0,0.617924
0,0,0.617978
0,0,0.618016
0,0,0.618038
0,0,0.618121
0,0,0.618135
0,0,0.618462
0,0,0.618596
0,0,0.618601
0,0,0.618674
0,0,0.618677
0,0,0.618809
0,0,0.61881
0,0,0.618832
0,0,0.619002
0,0,0.61904
0,0,0.619066
0,0,0.619087
0,0,0.619547
0,0,0.619622
0,0,0.619645
0,0,0.619823
0,0,0.620085
0,0,0.620173
0,0,0.620227
0,0,0.620454
0,0,0.620666
0,0,0.620915
0,0,0.620941
0,0,0.621051
0,0,0.621524
0,0,0.621525
0,0,0.6216
0,0,0.621879
0,0,0.621932
0,0,0.622012
0,0,0.622217
0,0,0.622379
0,0,0.622506
0,0,0.622547
0,0,0.62258
0,0,0.622612
0,0,0.622789
0,0,0.6229
0,0,0.623014
0,0,0.623207
0,0,0.623237
0,0,0.623363
0,0,0.623628
0,0,0.623748
0,0,0.624034
0,0,0.624157
0,0,0.624209
0,0,0.624226
0,0,0.624286
0,0,0.624366
0,0,0.62447
0,0,0.624474
0,0,0.624513
0,0,0.624665
0,0,0.624792
0,0,0.624935
0,0,0.624989
0,0,0.625026
0,0,0.625048
0,0,0.62512
0,0,0.625245
0,0,0.625291
0,0,0.625696
0,0,0.625738
0,0,0.625747
0,0,0.626006
0,0,0.626073
0,0,0.626302
0,0,0.626339
0,0,0.62635
0,0,0.626433
0,0,0.626489
0,0,0.626494
0,0,0.626663
0,0,0.626743
0,0,0.626777
0,0,0.626802
0,0,0.626929
0,0,0.627073
0,0,0.627111
0,0,0.627444
0,0,0.627521
0,0,0.627714
0,0,0.627821
0,0,0.628075
0,0,0.628239
0,0,0.628255
0,0,0.628536
0,0,0.628816
0,0,0.628848
0,0,0.628963
0,0,0.62898
0,0,0.62899
0,0,0.629115
0,0,0.629725
0,0,0.629777
0,0,0.629941
0,0,0.630349
0,0,0.630374
0,0,0.630597
0,0,0.630952
0,0,0.631084
0,0,0.631492
0,0,0.631522
0,0,0.631572
0,0,0.631751
0,0,0.631842
0,0,0.631942
0,0,0.632068
0,0,0.632388
0,0,0.632436
0,0,0.632618
0,0,0.632693
0,0,0.632758
0,0,0.632907
0,0,0.632953
0,0,0.633152
0,0,0.6335
0,0,0.633519
0,0,0.633557
0,0,0.633563
0,0,0.633671
0,0,0.634211
0,0,0.634428
0,0,0.634588
0,0,0.634599
0,0,0.634651
0,0,0.634746
0,0,0.634924
0,0,0.634938
0,0,0.635135
0,0,0.635183
0,0,0.635259
0,0,0.635332
0,0,0.635685
0,0,0.635788
0,0,0.63582
0,0,0.636527
0,0,0.636624
0,0,0.636719
0,0,0.636786
0,0,0.636909
0,0,0.636956
0,0,0.637075
0,0,0.637255
0,0,0.637293
0,0,0.637521
0,0,0.637714
0,0,0.637835
0,0,0.637896
0,0,0.637898
0,0,0.637953
0,0,0.638623
0,0,0.639523
0,0,0.639652
0,0,0.639662
0,0,0.639754
0,0,0.64002
0,0,0.640202
0,0,0.640828
0,0,0.641124
0,0,0.641126
0,0,0.641164
0,0,0.641329
0,0,0.641421
0,0,0.641527
0,0,0.64155
0,0,0.6416
0,0,0.641804
0,0,0.641995
0,0,0.642074
0,0,0.642092
0,0,0.642416
0,0,0.642489
0,0,0.642533
0,0,0.643055
0,0,0.643074
0,0,0.643381
0,0,0.643628
0,0,0.643747
0,0,0.643952
0,0,0.64428
0,0,0.644369
0,0,0.644552
0,0,0.644719
0,0,0.645052
0,0,0.645206
0,0,0.645262
0,0,0.64534
0,0,0.645507
0,0,0.645685
0,0,0.646233
0,0,0.646387
0,0,0.646393
0,0,0.646408
0,0,0.646834
0,0,0.646934
0,0,0.647008
0,0,0.647333
0,0,0.647562
0,0,0.647676
0,0,0.647734
0,0,0.647951
0,0,0.648283
0,0,0.648571
0,0,0.648795
0,0,0.649281
0,0,0.649341
0,0,0.649349
0,0,0.649398
0,0,0.649453
0,0,0.650403
0,0,0.650844
0,0,0.651234
0,0,0.651263
0,0,0.651298
0,0,0.651499
0,0,0.651598
0,0,0.652247
0,0,0.652441
0,0,0.652443
0,0,0.652872
0,0,0.652964
0,0,0.652966
0,0,0.653039
0,0,0.6531
0,0,0.653191
0,0,0.653537
0,0,0.653543
0,0,0.653552
0,0,0.653902
0,0,0.653973
0,0,0.654152
0,0,0.654424
0,0,0.654674
0,0,0.655017
0,0,0.655117
0,0,0.655265
0,0,0.655485
0,0,0.655668
0,0,0.655681
0,0,0.655965
0,0,0.656091
0,0,0.656303
0,0,0.656313
0,0,0.656384
0,0,0.656393
0,0,0.65653
0,0,0.656548
0,0,0.656756
0,0,0.657085
0,0,0.657446
0,0,0.657538
0,0,0.657699
0,0,0.657765
0,0,0.657951
0,0,0.658358
0,0,0.658397
0,0,0.658497
0,0,0.658557
0,0,0.65874
0,0,0.659404
0,0,0.659523
0,0,0.659902
0,0,0.660081
0,0,0.660219
0,0,0.66023
0,0,0.660375
0,0,0.660445
0,0,0.660445
0,0,0.660728
0,0,0.661092
0,0,0.661584
0,0,0.662322
0,0,0.662345
0,0,0.662566
0,0,0.662591
0,0,0.662629
0,0,0.662637
0,0,0.663209
0,0,0.663212
0,0,0.66335
0,0,0.663709
0,0,0.663794
0,0,0.664675
0,0,0.664705
0,0,0.664827
0,0,0.66484
0,0,0.664867
0,0,0.665015
0,0,0.665052
0,0,0.665159
0,0,0.66527
0,0,0.665293
0,0,0.665375
0,0,0.665741
0,0,0.665882
0,0,0.666432
0,0,0.666504
0,0,0.666937
0,0,0.666977
0,0,0.667197
0,0,0.667204
0,0,0.667311
0,0,0.667792
0,0,0.66839
0,0,0.668456
0,0,0.668459
0,0,0.668479
0,0,0.668485
0,0,0.668621
0,0,0.668873
0,0,0.669013
0,0,0.669243
0,0,0.669505
0,0,0.669746
0,0,0.670357
0,0,0.670534
0,0,0.67115
0,0,0.67163
0,0,0.671637
0,0,0.671714
0,0,0.672172
0,0,0.672234
0,0,0.672972
0,0,0.673098
0,0,0.673624
0,0,0.673772
0,0,0.674122
0,0,0.674528
0,0,0.675075
0,0,0.675369
0,0,0.676072
0,0,0.676136
0,0,0.676213
0,0,0.676491
0,0,0.676568
0,0,0.676915
0,0,0.677495
0,0,0.677507
0,0,0.67768
0,0,0.677991
0,0,0.678259
0,0,0.678358
0,0,0.678412
0,0,0.678607
0,0,0.678688
0,0,0.679739
0,0,0.68058
0,0,0.680881
0,0,0.680956
0,0,0.680986
0,0,0.68127
0,0,0.681302
0,0,0.681803
0,0,0.682537
0,0,0.682792
0,0,0.682832
0,0,0.683208
0,0,0.683692
0,0,0.684358
0,0,0.684661
0,0,0.684726
0,0,0.685531
0,0,0.685635
0,0,0.686198
0,0,0.686361
0,0,0.688855
0,0,0.690833
0,0,0.691061
0,0,0.691491
0,0,0.691687
0,0,0.691749
0,0,0.692212
0,0,0.692586
0,0,0.692649
0,0,0.692763
0,0,0.692964
0,0,0.693093
0,0,0.693456
0,0,0.693557
0,0,0.694038
0,0,0.694761
0,0,0.694849
0,0,0.695231
0,0,0.695557
0,0,0.69573
0,0,0.695798
0,0,0.696753
0,0,0.696943
0,0,0.697033
0,0,0.697073
0,0,0.69744
0,0,0.698077
0,0,0.69879
0,0,0.699149
0,0,0.699979
0,0,0.700391
0,0,0.700814
0,0,0.701376
0,0,0.701513
0,0,0.701648
0,0,0.702156
0,0,0.70278
0,0,0.702991
0,0,0.703207
0,0,0.70385
0,0,0.704947
0,0,0.705171
0,0,0.705658
0,0,0.705682
0,0,0.70602
0,0,0.706678
0,0,0.708861
0,0,0.708894
0,0,0.709483
0,0,0.710357
0,0,0.710427
0,0,0.710533
0,0,0.71084
0,0,0.711472
0,0,0.712102
0,0,0.712926
0,0,0.713021
0,0,0.71443
0,0,0.714521
0,0,0.715102
0,0,0.715441
0,0,0.715639
0,0,0.71673
0,0,0.718453
0,0,0.718717
0,0,0.718758
0,0,0.718919
0,0,0.719483
0,0,0.720501
0,0,0.722203
0,0,0.722664
0,0,0.724407
0,0,0.72498
0,0,0.725013
0,0,0.725075
0,0,0.725489
0,0,0.726703
0,0,0.728295
0,0,0.72884
0,0,0.731511
0,0,0.731776
0,0,0.732842
0,0,0.734505
0,0,0.734762
0,0,0.734894
0,0,0.736558
0,0,0.737575
0,0,0.737613
0,0,0.737807
0,0,0.740212
0,0,0.741781
0,0,0.742303
0,0,0.742856
0,0,0.744647
0,0,0.744849
0,0,0.745469
0,0,0.745895
0,0,0.746637
0,0,0.746881
0,0,0.746942
0,0,0.747101
0,0,0.747503
0,0,0.7478
0,0,0.749593
0,0,0.750745
0,0,0.751594
0,0,0.754751
0,0,0.755072
0,0,0.755577
0,0,0.756512
0,0,0.757586
0,0,0.757884
0,0,0.758438
0,0,0.762199
0,0,0.76263
0,0,0.762887
0,0,0.766276
0,0,0.767306
0,0,0.767493
0,0,0.769658
0,0,0.769674
0,0,0.772447
0,0,0.775662
0,0,0.775978
0,0,0.77603
0,0,0.777349
0,0,0.77761
0,0,0.778176
0,0,0.779188
0,0,0.779291
0,0,0.786095
0,0,0.794967
0,0,0.798753
0,0,0.799644
0,0,0.800233
0,0,0.800835
0,0,0.80248
0,0,0.807016
0,0,0.807798
0,0,0.80834
0,0,0.809569
0,0,0.809844
0,0,0.811553
0,0,0.814661
0,0,0.815355
0,0,0.820623
0,0,0.825413
0,0,0.825516
0,0,0.838657
0,0,0.846708
0,0,0.856406
0,0,0.862733
0,0,0.862969
0,0,0.863268
0,0,0.891333
0,0,0.896406
0,0,0.901305
0,0,0.906441
0,0,0.913198
0,0,0.922542
0,0,0.929527
0,0,0.953792
0,0,0.95865
0,0,0.99706
0,0,1.00587
0,0,1.00794
0,0,1.10297
0,0,1.13473
0,0,1.13683
0,0,1.29377
0,0,1.33674
0,0,44.2706
0,0,inf
